ID;Аты-жөні;Орны;Тапсырыс;Сомма;Уақыты;Статус
1353;Өмірзақ Өмірсерік;;Самса(2), айс ти(1);800;20.04.2026 08:34;Оқушы
5932;Бодыбаев Ермек ;;пирог с варением(1), пирожки(1);550;20.04.2026 09:06;Оқушы
7141;Мырзатай Әділбек ;;пирог с варением(1), пирожки(1);550;20.04.2026 09:21;Оқушы
9532;Мырзатай Әділбек ;1;Мясо по-тайски(1);630;20.04.2026 09:22;Оқушы
9264;Бодыбаева Жасмин;;пирог с варением(1), су(1);550;20.04.2026 09:31;Оқушы
7711;Мырзатай Әділбек ;;Пирог с капустой(1), Манты(1);750;20.04.2026 18:03;Оқушы
3317;Өмірзақ Іңкәр;;Палау(2), айс ти(1);1100;20.04.2026 18:05;Оқушы
6443;Бодыбаев Ермек ;8к;айс ти(1), Палау(1);700;20.04.2026 18:27;Оқушы
9286;Убайдаев Шахмардан ;8;Самса(2), кофе(2);0;21.04.2026 12:43;АСП (Тегін)
4910;шамсиева;;Борщ(1), Палау(1);927;21.04.2026 12:45;Мұғалім
9030;Ахмедова  Анар;7;Борщ(2), Манты(2);2060;01.10.2026 21:48
4879;Ұзақбай Жаннұр;7;Манты(2), Палау(1), Палау(1), Мясо по-тайски(1);2230;01.10.2026 21:51
3845;Сабит Мариям;7;Палау(1);0;01.10.2026 22:03;АСП (Тегін)
8567;Шамсиева Насиба;;пирожки(1), Манты(1);540;Kaspi QR арқылы төлеу;01.10.2026 22:18;Мұғалім
