;Са?тапберген ?лж?ков атында?ы №144   орта мектепт?? атаулы ?леуметт?к к?мек алатын о?ушылар т?з?м? ;;;;;;;;
;;;;;;;;;
О?ушыны? аты -ж?н?;ИИН ;Сыныбы;литер ;Жынысы ?л/?ыз ;Жасы ;?леуметт?к жа?дайы ;Телефоны ;Мекен жайы ;Б?л?м беру ?йымдарыны? ал?алы? органны? шеш?м? (к?н? айы жылы) 
Бодыбаев Ермек ;101124504310;9;к;?л;14;АСП;87774553842;Д?йсенбиев 4a\8?й;05.08.2025
Бодыбаева Жасмин;120626605098;8;к;?ыз;13;АСП;87774553842;Д?йсенбиев 4a\8?й;05.08.2025
Мырзатай ?д?лбек ;190403503550;1;;?л;6;АСП;87774553842;Д?йсенбиев 4a\8?й;05.08.2025
?м?рза? ?м?рсер?к Ербол?лы;131028505114;7;а;?л;12;АСП;87058307905;25 к?ше 51 ?й;05.08.2025
?м?рза? ?нжу Ербол?ызы ;141220603179;5;а;?ыз;10;АСП;87058307905;25 к?ше 51 ?й;05.08.2025
?м?рза? ??к?р Ербол?ызы;190212603023;1;;?ыз;6;АСП;87058307905;25 к?ше 51 ?й;05.08.2025
Балтабай Жасмин;141127602870;6;ж;?ыз;11;IIII санат потранат ;87021032545;Батырбаев 35/4;05.08.2025
Балтабай Аружан;160731602285;4;и;?ыз;9;IIII санат потранат ;87021032545;Батырбаев 35/4;05.08.2025
Балтабай Асылан;180313500496;2;к;?ыз;7;IIII санат потранат ;87021032545;Батырбаев 35/4;05.08.2025
Абдибаева Айзере;140425605900;6;з;?ыз;11;АСП;87715117838;?ызылжарма 17/104;05.08.2025
Абдибаева Биб?н?р;170224601445;3;д;?ыз;8;АСП;87715117838;?ызылжарма 17/104;05.08.2025
Исламбек Айгер?м;0.90508651001;11;?;?ыз;16;АСП;87713670050;Жет?к?л16a/7;05.08.2025
Убайдаев Шахмардан ;120509503356;8;д;?л;13;АСП;87071723461;Батырбаев 74;05.08.2025
Убайдаева Дильназ ;140411604193;6;б;?ыз;11;АСП;87071723461;Батырбаев 74;05.08.2025
Убайдаев Н?рхан;160822501071;4;и;?л;9;АСП;87071723461;Батырбаев 74;05.08.2025
?м?рза? Даяна;170829600525;3;л;?ыз;8;АСП;87784387878;?аба? Есахаев 20;05.08.2025
Сабит Адильжан;110330503054;9;и;?л;14;АСП;87478420584;Толстой 6\2;05.08.2025
Сабит Муслим;130820505662;7;ж;?л;11;АСП;87478420584;Толстой 6\2;05.08.2025
Сабит Мариям;170725600596;3;б;?ыз;8;АСП;87478420584;Толстой 6\2;05.08.2025
Жанболат?лы Саят;150321501066;5;г;?л;10;АСП;87071930867;?ызылжарма 2 13-54;05.08.2025
Даулет Шахкерим ;180320501145;2;и;?л;7;АСП;87075440592;Досхожин ;05.08.2025
Даулетов Максат;170201501116;3;к;?л;8;АСП;87075440592;Досхожин;05.08.2025
?за?бай Жанн?р;130219604207;7;к;?ыз;12;аСП;87052579574;Б.?ожамбетов 43;05.08.2025
?за?бай А?н?р;140403603449;6;з;?ыз;11;аСП;87052579574;Б.?ожамбетов 43;05.08.2025
?за?бай Ел?ран;160112505232;4;и;?ыз;10;аСП;87052579574;Б.?ожамбетов 43;05.08.2025
Абдрахманова Зире;131230604696;7;ж;?ыз ;11;АСП;8 707 178 32 53;Тентек ?зек 15/22;05.08.2025
Абдрахманов Еларыс ;111109504350;8;к;?л;13;АСП;8 707 178 32 53;Тентек ?зек 15/22;05.08.2025
Абдрахманова К?ус?р;161210602130;3;З;?ыз ;8;АСП;8 707 178 32 53;Тентек ?зек 15/22;05.08.2025
Абдрахманова Сабина;90318652760;11;г;?ыз ;16;АСП;8 707 178 32 53;Тентек ?зек 15/22;05.08.2025
Шакурбай Н?рдаулет;190721501771;1;з;?л;6;АСП;87782337294;?стабаев 11\5;05.08.2025
Шакурбай Н?рдаулет;190721501771;1;з;?л;6;АСП;87782337294;?стабаев 11\5;05.08.2025
Н?рбек ?мина;160614604241;4;и;?ыз;9;АСП;87772698091;М?ден Кенбаев 47;05.08.2025
Балхашбай Балн?р;141204603539;6;е;?ыз;11;АСП;87772698091;М?ден Кенбаев 47;05.08.2025
Ануар Айым;110724603322;9;з;?ыз;14;АСП;87768908086;м ауезов 5;05.08.2025
Ануар Шадияр;130504503737;7;м;?л;12;АСП;87768908086;м ауезов 5;05.08.2025
Ануар Жасмин;160312604086;4;и;?ыз;9;АСП;87768908086;м ауезов 5;05.08.2025
Ануар Али;181117502350;1;;?л;6;АСП;87768908086;м ауезов 5;05.08.2025
Марат Бер?к ;120417502477;8;д;?л;13;АСП;87778110535;Алты ??лаш 2;05.08.2025
Русланулы Мадияр;161223502402;3;д;?л;9;АСП;87778110535;Алты ??лаш 2;05.08.2025
Марат Г?л?м ;141108602519;6;в;?ыз;10;АСП;87778110535;Алты ??лаш 2;05.08.2025
Ганиева Назерке;100416654219;10;г;?ыз;15;АСП;87778110535;Алты ??лаш 2;05.08.2025
Марат Саян;190130501739;1;;?л;6;АСП;87778110535;Алты ??лаш 2;05.08.2025
Ж?мабай Елжан ;110319503460;9;з;?л;14;АСП;87053073504;Жолан Д?р?бай?лы 31;05.08.2025
Ерлан?лы Елдос;130207503831;7;а;?л;12;АСП;87053073504;Жолан Д?р?бай?лы 31;05.08.2025
Ж?мабай Али;171102500025;2;а;?л;7;АСП;87053073504;Жолан Д?р?бай?лы 31;05.08.2025
Ашы?алы Анель;100408653247;10;к;?ыз;15;АСП;87472823250;?ызылжарма 39\40;05.08.2025
Ашы?алы Назерке ;120714603991;8;?;?ыз;13;АСП;87472823250;?ызылжарма 39\40;05.08.2025
Ашы?алы А?ниет;180727603705;2;е;?ыз;7;АСП;87472823250;?ызылжарма 39\40;05.08.2025
Жарыл?асын Самат ;121114504439;7;м;?л ;12;3 категория ?ам?оршы;87770475619;?стабаев 1 ?й 7 Квартира ;05.08.2025
Ерлан?ызы ?сел;101004653967;9;з;?ыз;14;АСП;87072848291;Болаша? 10;05.08.2025
Ерлан?ызы ?нжу;121028603519;7;к;?ыз;13;АСП;87072848291;Болаша? 10;05.08.2025
Ерлан?ызы Аяна ;151216601524;4;з;?ыз;10;АСП;87072848291;Болаша? 10;05.08.2025
?д?лхан Аян;140813504905;6;л;?л ;11;АСП;87776144322;Ханшаг?л Аралбаева 4;05.08.2025
?д?лхан Диас;170720501663;3;з;?л ;8;АСП;87776144322;Ханшаг?л Аралбаева 4;05.08.2025
Сабырбай ?уаныш                                                                  ;130513502689;7;Б                    ;   ?л                   ;12;Асп;87769970975;?.М?ратбаев 8;05.08.2025
Сабырбай Ханшайым    ;151222604765;5;л;?ыз;9;Асп;87769970975;?.М?ратбаев 8;05.08.2025
?айрат?ызы Назым ;180712601569;2;к;?ыз;7;Асп;87769970975;?.М?ратбаев 8;05.08.2025
Бал?абай Бибарыс;120905505464;7;а;?л ;13;АСП;87769714743;Камалов 21;05.08.2025
Умирбеков Нурсултан;161108502556;3;а;?л ;8;АСП;87769714743;камалов 21;05.08.2025
Т?рлыбек Аян;150813505757;5;а;?л;10;АСП ;87014180808;?л Фараби №283;05.08.2025
Т?рлыбек Н?рдаулет;150813505757;2;в;?л;8;АСП;87014180808;?л Фараби №283;05.08.2025
Табылды Дулат;101106502326;9;и;?л;14;АСП;87774559287;нагызбек 27;05.08.2025
Табылды Сымбат;120803604399;8;в;кыз;12;АСП;87774559287;нагызбек 27;05.08.2025
Табылды С???ат;181222502597;2;к;?л;7;АСП;87774559287;нагызбек 27;05.08.2025
?лди Н?рару;140503602741;6;Г;?ыз;11;АСП;87774510290;Сексенбаев 28;05.08.2025
Маханбетова Еркежан           ;180518600754;2;к;?ыз ;7;АСП;8  776 877 07 96;?.Маханбетова № 124;05.08.2025
Т???ышбек Ержан;100926553148;9;и;?л;15;АСП;8  776 877 07 96;?.Маханбетова № 124;05.08.2025
Маханбет Н?расыл ;150403504938;5;е;?л;10;АСП;8  776 877 07 96;?.Маханбетова № 124;05.08.2025
Н?рболат?лы Н?рали;130804501943;7;з;?л;12;АСП;87714808960;?.Маханбетова 103;05.08.2025
Оспан М?стафа;151224504264;4;?;?л;9;АСП;87714808960;?.Маханбетова 103;05.08.2025
Орынбек ?лжан ;140809603189;6;е;?ыз;11;АСП;87770599484;батырбайев 8;05.08.2025
Орынбек Н?ралы ;161201501583;4;и;?л;9;АСП;87770599484;батырбайев 8;05.08.2025
Ергенбаева К?усар ;141130604288;5;ж;?ыз;11;АСП;87712458420;Толстой 17;05.08.2025
Ергенбаев Ерасыл;160711505457;4;з;?л;9;АСП;87712458420;Толстой 17;05.08.2025
?мар?л? А?пей?л Ержан?ызы;130124601781;7;а;?ыз;2;АСП;8 707 836 98 64;Ермаханов 71;05.08.2025
Ержан?ызы А?дидар;150126604582;5;д;?ыз;10;АСП;8 707 836 98 64;Ермаханов 71;05.08.2025
?мар?л? А?ж?рек;180614504069;2;з;?ыз;7;АСП;8 707 836 98 64;Ермаханов 71;05.08.2025
Ержан?лы А?т?ре;190702502904;1;;?л;6;АСП;8 707 836 98 64;Ермаханов 71;05.08.2025
?д?лбек Бейбарыс;180 628 501 182;2;а;?л;7;АСП;87054326052;Мерей 7/ 32;05.08.2025
Бердалиев Нурдаулет;111217503161;8;e;?л;13;АСП;87768767100;Cексенбаев 4\8;05.08.2025
Ж?с?п Дамир;1,80505E+11;2;к;?л;7;АСП;87768767100;Cексенбаев 4\8;05.08.2025
?аржаубай Айдын;110526503397;9;ж;?л;14;АСП;87076823048;Д?лдебаев 39;05.08.2025
?аржаубай ?айсар;140214504225;6;г;?л;11;АСП;87076823048;Д?лдебаев 39;05.08.2025
?аржаубай Айбар;160519504029;4;а;?л;9;АСП;87076823048;Д?лдебаев 39;05.08.2025
?аржаубай ?лин?р;180921503317;2;д;?л;7;АСП;87076823048;Д?лдебаев 39;05.08.2025
Т?лепова Аяулым;150821605152;5;л;?ыз;10;?ам?орлы?ынсыз 3сан;87057058965;Б.?бд?раимов 3 ?й ;05.08.2025
Т?лепов Д?нм?хаммед;161224501350;3;л;?л;8;?ам?орлы?ынсыз 3сан;87057058965;Б.?бд?раимов 3 ?й ;05.08.2025
??рамыс Н?рд?улет Бауыржан?лы;110423502292;9;з;?л;14;АСП;87768680605;Н.Илиясов 41;05.08.2025
Талапбек Бекжан;170717500414;3;е;?л;8;АСП;87778013039;Абенов 1;05.08.2025
?л?мбет Назым ;0.81110650259;11;2;?ыз;16;АСП;8777 303 17 45;Самал к?шес?  №132;05.08.2025
Ж?мабеков Айбек ;140928504633;5;к;?л;7;АСП;8777 303 17 45;Самал к?шес?  №132;05.08.2025
Ж?мабеков Наурызбек ;170307500560;3;а;?л;8;АСП;8777 303 17 45;Самал к?шес?  №132;05.08.2025
Кенжебек  А?ниет ;190220601209;1;;?ыз;6;АСП;87713844997;?.Маханбетов 41\1;05.08.2025
Бактияр Сезим;130831601894;6;к;?ыз;11;АСП;87771815707;?.Маханбетов 41\2;05.08.2025
Бактияр Нурасыл;170115500884;3;к;?л;7;АСП;87771815707;?.Маханбетов 41\2;05.08.2025
Нары?бай ?д?лет;110329503049;9;а;?л;14;АСП;87767769899;Титов 28\39;05.08.2025
Нары?бай Д?улет;120713503979;8;б;?л;13;АСП;87767769899;Титов 28\39;05.08.2025
Ж?банды? ?л?шер;120103503369;7;в;?л;12;АСП;87758844203;?стабай 2 1;05.08.2025
Ж?банды? ?лиахмет ;140829502758;5;в;?л;12;АСП;87758844203;?стабай 2 1;05.08.2025
Абдуали Аян ;160118503853;4;а;?л;9;АСП;87761358398;?л Фараби №291;05.08.2025
Абдуали ?лан Жа?абек?лы ;180426501230;2;?;?л;7;АСП;87761358398;?л Фараби №291;05.08.2025
Оразбай Н?рт?лек ?уаныш?лы ;111017504915;8;е;?л;14;АСП;87758844237;?стабаев 1\5 КВ;05.08.2025
Дастанбек Н?ршат ;130930504950;6;и;?л;12;АСП;87768682383;43 к?ше ;05.08.2025
Дастанбек Балнур ;160617604563;4;з;?ыз;9;АСП;87768682383;43 к?ше ;05.08.2025
Азимжан М?маммед Азим;180704503486;2;л;?л;7;АСП;87075080686;;05.08.2025
Азилханов Нуржан Даулетович ;131201501527;6;и;?л;11;АСП;87028249358;35 к?ше 42;05.08.2025
Азилханова Айдай Даулетовна ;161002602477;4;л;?ыз;8;АСП;87028249358;35 к?ше 42;05.08.2025
Азилхан Абдузайт;180114502619;2;е;?л;7;АСП;87028249358;35 к?ше 42;05.08.2025
?айырбек Махаббат;130214604369;7;а;?ыз;12;АСП;87476230435;cексенбаев 5;05.08.2025
?айырбек Азиз ;140401502691;6;е;?л;11;АСП;87476230435;cексенбаев 5;05.08.2025
?айырбек Анель;160914603430;4;е;?ыз;8;АСП;87476230435;cексенбаев 5;05.08.2025
Жанм?ханбет А?ниет ;120618603464;8;к;?ыз;13;АСП;87714220321;?стабаев 2\14;05.08.2025
Жанм?ханбет Арда?;141121604157;6;з;?ыз;11;АСП;87714220321;?стабаев 2\14;05.08.2025
Жанм?ханбет ?асиет ;0.91118551662;10;ж;?ыз;16;АСП;87714220321;?стабаев 2\14;05.08.2025
Раушанбек Динара;120325603719;8;к;?ыз;13;АСП;87073608391;Тере?сай к?шес? б\н;05.08.2025
Данабек?ызы Каусар ;130617601315;7;з;?ыз;12;АСП;87073608391;Тере?сай к?шес? б\н;05.08.2025
Данабек?ызы Инабат;150918604835;5;е;?ыз;9;АСП;87073608391;Тере?сай к?шес? б\н;05.08.2025
М?рат К?усар Бауыржан?ызы;160406604020;4;г;?ыз;9;АСП;87788504714;М.Ордабаев 22;05.08.2025
Бал?абаева Та?шолпан;121110604205;7;м;?ыз;12;АСП;87055173197;То?мырзаев 46;05.08.2025
Бал?абаев Оразхан ;161206501769;3;з;?л;9;АСП;87055173197;То?мырзаев 46;05.08.2025
Бай?ара Айзере Же??с?ызы ;130327603870;7;ж;?ыз;12;АСП;87078631005;?.Маханбетов 33;05.08.2025
Са?тапберген Ерболат;120619503661;8;л;?л;13;АСП;87716292947;З.Еш?мов 12;05.08.2025
Са?тапберген Ж?гер ;150813505013;5;и;?л;12;АСП;87716292947;З.Еш?мов 12;05.08.2025
Ерлан?ызы Амина ;171124601018;2;е;?ыз;8;АСП;87716292947;З.Еш?мов 12;05.08.2025
Бер?кбол?ызы Айк?ркем;151226604569;4;з;?ыз;10;АСП;87007407170;Батырбаев 11;05.08.2025
Бер?кбол?ызы Жанель;121023604311;7;б;?ыз;13;АСП;87007407170;Батырбаев 11;05.08.2025
К?ш?кбай ?лим?хан  Н?рлан?лы ;110330502908;9;И ;?л;14;АСП ;87051271487;Батырбаева 2 A ;05.08.2025
Алпысбаев Мей?ржан ;1,30226E+11;7;л;?л;12;III санат потранат ;87752462441;Абай 46;05.08.2025
Алдаберген Са?ыныш Н?р?анат?ызы ;180917601622;2;а;?ыз;7;АСП ;87768430545;А.Т?лебаев 38;05.08.2025
Сер?к Шы??ысхан;110910503295;8;з;?л;13;АСП;87077366832;Ермаханов 11;05.08.2025
Сер?к Арсен;131220503331;6;л;?л;11;АСП;87077366832;Ермаханов 11;05.08.2025
Сер?к Санжар;160304504169;4;л;?л;9;АСП;87077366832;Ермаханов 11;05.08.2025
Сер?к За??ар;180220502358;2;з;?л;7;АСП;87077366832;Ермаханов 11;05.08.2025
Жоласбек?ызы Жания ;180620603753;2;и;?ыз;7;АСП;87028367395;?ызылжарма 28\7;05.08.2025
?д?лет?лы Саян ;120210501979;8;з;?л;13;АСП;87079050190;?.Д?лдабаев 47;05.08.2025
?д?лет?ызы Айша;140308601436;6;в;?ыз;11;АСП;87079050190;?.Д?лдабаев 47;05.08.2025
Нуфтулла ?дина Нариман?ызы ;170428601028;3;е;?ыз;8;АСП;87053716760;Сексенбаев 74;05.08.2025
Садибеков Рамазан А?ылбек?лы ;110817504298;9;б;?л;14;АСП;87054328256;Ж.Маханбетов 10;05.08.2025
Марат Н?рислам Н?ржан?лы ;161013500246;3;а;?л;9;АСП;87753803045;Т.Алмаханбет ов 122;05.08.2025
Марат Н?рымжан Н?ржан?лы ;171212502088;2;к;?л;8;АСП;87753803045;Т.Алмаханбет ов 122;05.08.2025
Тем?рбеков Н?рсер?к Мэлс?лы                      ;130216503928;7;и;?л;12;АСП;87072814379;?л Фараби , Т?рлы??лов №240;05.08.2025
Тем?рбек Маралбек Мэлс?лы ;160423503465;4;л;?л;9;АСП;87072814379;?л Фараби , Т?рлы??лов №240;05.08.2025
Самат Бекарыс ;71214500805;2;в;?л;7;АСП;87479279824;Абай 85;05.08.2025
Т?леген ?лин?р;160204503523;4;ж;?л;9;АСП;87715242522;?бенов б\н ;05.08.2025
Т?леген Мансур ;170829500152;3;б;?л;8;АСП;87715242522;?бенов б\н ;05.08.2025
?азиз?лы Абзал ;141027504271;5;б;?л;10;АСП;87053922019;?.Маханбетов ;05.08.2025
?азиз?лы Ахмедияр;160225505079;4;Г;?л;9;АСП;87053922019;?.Маханбетов ;05.08.2025
?азиз?ызы Мариям ;170501600988;3;Г;?ыз;8;АСП;87053922019;?.Маханбетов ;05.08.2025
Назарбек Ж?ния Айдос?ызы ;130801601444;6;в;?ыз;12;АСП;87768919194;А.Абсатов 43;05.08.2025
Назарбек Алин?р Айдос?лы ;150511503481;5;д;?л;10;АСП;87768919194;А.Абсатов 43;05.08.2025
Сер?к ?алым Бер?к?лы;1009022554393;10;;?л;15;АСП;87711489815;Левый берег 58\37 кв;05.08.2025
Т?лебек Мей?ржан Сабырбек?лы ;1,71131E+11;2;з;?л;8;АСП;87057100351;Бесарна 35;05.08.2025
Т?лебек К?усар Сабырбек?ызы ;160217601900;4;г;?ыз;9;АСП;87057100351;Бесарна 35;05.08.2025
